agencyId|agencytitle|agencyAddress|agencyPhone|agencyRentalPhone|agencyWebsite
12647|Barfoot & Thompson Ltd (Licensed: REAA 2008) - Auckland City|34 Shortland Street, AUCKLAND|09 307 6340|09 307 6310|http://www.barfoot.co.nz/city
13081|Barfoot & Thompson Ltd (Licensed: REAA 2008) - Kumeu|130 Main Highway, KUMEU|09 412 5640|None|http://www.barfoot.co.nz/kumeu
11116|Barfoot & Thompson Ltd (Licensed: REAA 2008) - Manurewa|176 Great South Rd, MANUREWA|09 266 7094|09 266 7091|http://www.barfoot.co.nz/manurewa
12513|Barfoot & Thompson Ltd (Licensed: REAA 2008) - Henderson|350 Great North Road, HENDERSON|09 838 6059|09 838 9040|http://www.barfoot.co.nz/henderson
14541|Barfoot & Thompson Ltd (Licensed: REAA 2008) - Greenlane|255A Great South Rd, GREENLANE|09 523 1189|09 523 1185|http://www.barfoot.co.nz/greenlane
21474|Barfoot & Thompson Ltd (Licensed: REAA 2008) - Pt Chevalier|1186 Great North Rd, PT CHEVALIER|09 845 5906|09 845 5902|http://www.barfoot.co.nz/ptchevalier
14291|Barfoot & Thompson Ltd (Licensed: REAA 2008) - Meadowbank|33 St Johns Road, MEADOWBANK|09 528 1105|09 528 3632|http://www.barfoot.co.nz/meadowbank
14785|Barfoot & Thompson Ltd (Licensed: REAA 2008) - Mt Eden|427 Mt Eden Rd, MT EDEN|09 638 9158|09 638 9172|http://www.barfoot.co.nz/mteden
14968|Barfoot & Thompson Ltd (Licensed: REAA 2008) - Royal Oak|Royal Oak Roundabout, ROYAL OAK|09 625 6099|09 625 6079|http://www.barfoot.co.nz/royaloak
12947|Barfoot & Thompson Ltd (Licensed: REAA 2008) - Warkworth|7 Queen Street, WARKWORTH|09 425 8742|09 422 3209|http://www.barfoot.co.nz/warkworth
15004|Barfoot & Thompson Ltd (Licensed: REAA 2008) - West Harbour|Cnr Luckens & Hobsonville Road, WEST HARBOUR|09 416 5599|09 416 3941|http://www.barfoot.co.nz/westharbour
10987|Barfoot & Thompson Ltd (Licensed: REAA 2008) - Mt Roskill|Cnr Dominion Road & Mt Albert Road, MT ROSKILL|09 621 0912|09 621 0917|http://www.barfoot.co.nz/mtroskill
4861|Irelands (Licensed: REAA 2008) - Christchurch|57 Woodham Road , CITY, CHRISTCHURCH|03 377 2090|None|http://www.irelands.co.nz
119844|EV Arthur Ltd (Licensed: REAA 2008) - Property Brokers, Greymouth|33 Tainui Street, GREYMOUTH|03 768 7145|None|None
268735|Click Property Management Ltd|15 Nairn Street, Kaikorai, Dunedin |03 466 77 83|None|http://www.clickpropertymanagement.co.nz
12059|Barfoot & Thompson Ltd (Licensed: REAA 2008) - Milford|180 Kitchener Rd, MILFORD|09 489 5049|09 489 4612|http://www.barfoot.co.nz/milford
13820|Barfoot & Thompson Ltd (Licensed: REAA 2008) - Pukekohe|68 King Street, PUKEKOHE|09 238 7019|09 237 3140|http://www.barfoot.co.nz/pukekohe
23163|Barfoot & Thompson Ltd (Licensed: REAA 2008) - Greenhithe|24 Greenhithe Rd, GREENHITHE|09 413 6528|None|http://www.barfoot.co.nz/greenhithe
13355|Barfoot & Thompson Ltd (Licensed: REAA 2008) - Te Atatu Peninsula|534 Te Atatu Road, TE ATATU PENINSULA|09 834 3570|09 834 3328|http://www.barfoot.co.nz/teatatu
11805|Barfoot & Thompson Ltd (Licensed: REAA 2008) - Remuera|417 Remuera Rd, REMUERA|09 524 0149|None|http://www.barfoot.co.nz/remuera
14719|Barfoot & Thompson Ltd (Licensed: REAA 2008) - Albany|233 Main Road Albany Village, ALBANY|09 415 8460|09 415 4287|http://www.barfoot.co.nz/albany
23162|Barfoot & Thompson Ltd (Licensed: REAA 2008) - Manukau|24 Cavendish Drive, MANUKAU|09 262 1305|None|http://www.barfoot.co.nz/manukau
11924|Barfoot & Thompson Ltd (Licensed: REAA 2008) - Epsom|169 Manukau Road, EPSOM|09 520 6221|09 529 0969|http://www.barfoot.co.nz/epsom
14666|Barfoot & Thompson Ltd (Licensed: REAA 2008) - Whangarei|66 Cameron Street, WHANGAREI|09 438 3079|09 438 3444|http://www.barfoot.co.nz/whangarei
8559|Cooper & Co Real Estate Ltd (Licensed: REAA 2008) - Harcourts, Milford|128 Kitchener Road, MILFORD|09 486 1029|None|http://http://milford.harcourts.co.nz/
13616|Barfoot & Thompson Ltd (Licensed: REAA 2008) - Dannemora|345 Chapel Road, DANNEMORA|09 271 6199|09 271 6219|http://www.barfoot.co.nz/dannemora
14443|Barfoot & Thompson Ltd (Licensed: REAA 2008) - Papakura|36 East Street, PAPAKURA|09 2988029|09 298 7977|http://www.barfoot.co.nz/papakura
14112|Barfoot & Thompson Ltd (Licensed: REAA 2008) - Panmure|28 Queens Rd, PANMURE|09 570 2039|09 527 3190|http://www.barfoot.co.nz/panmure
14843|Barfoot & Thompson Ltd (Licensed: REAA 2008) - Papatoetoe|Cnr Gt South & Kolmar Rds, Hunters Corner, PAPATOETOE|09 278 3024|09 278 2957|http://www.barfoot.co.nz/papatoetoe
5276|Auckland Property Management Ltd (Licensed: REAA 2008)|145 Manukau Road, Epsom, AUCKLAND CITY|09 638 2500|None|http://www.aucklandproperty.net
13438|Barfoot & Thompson Ltd (Licensed: REAA 2008) - Beachlands|42 Wakelin Road, BEACHLANDS|09 536 4990|09 536 4990|http://www.barfoot.co.nz/beachlands
14162|Barfoot & Thompson Ltd (Licensed: REAA 2008) - Howick|50 Picton Street, HOWICK|09 534 5139|09 535 8762|http://www.barfoot.co.nz/howick
12368|Barfoot & Thompson Ltd (Licensed: REAA 2008) - Pakuranga|120 Pakuranga Road, PAKURANGA|09 572 0203|09 576 9007|http://www.barfoot.co.nz/pakuranga
11410|Barfoot & Thompson Ltd (Licensed: REAA 2008) - Glenfield|436 Glenfield Road, GLENFIELD|09 444 6049|09 444 4956|http://www.barfoot.co.nz/glenfield
14222|Barfoot & Thompson Ltd (Licensed: REAA 2008) - Browns Bay|35 Clyde Rd, BROWNS BAY|09 478 5119|09 478 6195|http://www.barfoot.co.nz/brownsbay
10730|Barfoot & Thompson Ltd (Licensed: REAA 2008) - Meadowlands|90J Whitford Road, HOWICK|09 535 3153|09 535 6153|http://www.barfoot.co.nz/meadowlands
259271|IPM Ltd|8 Lakewood Court , Manukau, Auckland|021 061 6476|None|http://www.ipmteam.co.nz
11297|Barfoot & Thompson Ltd (Licensed: REAA 2008) - Otahuhu|323 Great South Rd, OTAHUHU|09 276 4044|09 276 6784|http://www.barfoot.co.nz/otahuhu
260181|Prime Property Group - Wellington|Level 6, 17-21 Whitmore Street, WELLINGTON|None|None|None
5704|Able Realty, Robert Wong (Licensed: REAA 2008) - Papatoetoe|None|09 215 1882|None|None
10626|Rentex Limited - Property Management|7 Douglas Alexander Parade , ALBANY, Auckland|09 451 9430|09 451 9430|http://https://www.rentex.net.nz/
206777|Barfoot & Thompson Ltd (Licensed: REAA 2008) - Glendene|1 Te Atatu Road, Glendene, AUCKLAND|09 836 0329|None|None
202115|Corporate Relocations Specialist Ltd - Hamilton|None|07 839 3663|None|http://www.nzrelocations.com
11505|Parnell Real Estate Ltd (Licensed: REAA 2008)|Shop 2, 99 Parnell Road, PARNELL|09 377 3255|None|http://www.parnellrealestate.co.nz
201766|Quality Property Management Ltd (Licensed: REAA 2008)|332 Blenheim Road, Christchurch|03 341 0985|None|None
14926|Barfoot & Thompson Ltd (Licensed: REAA 2008) - Onehunga|224 Onehunga Mall, ONEHUNGA|09 636 7079|09 634 1662|http://www.barfoot.co.nz/onehunga
13697|Barfoot & Thompson Ltd (Licensed: REAA 2008) - Beach Haven|356 Rangatira Rd, BEACHHAVEN|09 482 5428|09 482 5419|http://www.barfoot.co.nz/beachhaven
223185|Monarch Realty Ltd - Harcourts Hamilton Rentals|Shop 3, 851 Victoria Street, HAMILTON|07 834 0980|None|http://www.hamiltonrentals.co.nz
10602|Barfoot & Thompson Ltd (Licensed: REAA 2008) - Glen Eden|200 West Coast Road, GLEN EDEN|09 818 2424|09 818 2072|http://www.barfoot.co.nz/gleneden
10469|Barfoot & Thompson Ltd (Licensed: REAA 2008) - St Heliers|Cnr Tamaki Drive & St Heliers Bay Rd, ST HELIERS|09 575 9079|09 575 9075|http://www.barfoot.co.nz/stheliers
254568|Pedersens Property Management Ltd|388 Lake Road, Takapuna, AUCKLAND|09 486 4710|None|http://www.pedersens.net.nz
250407|Rental One Ltd|12 Osterley Way, Manukau, Auckland|09 262 1825|None|http://www.rental1.co.nz
246723|Mission Property Management Ltd.|Suite 4, Level 2, 87-89 Albert Street, Auckland|09 379 9605|None|http://missionproperty.co.nz
246296|GRALIN Property Management Ltd|L1 3091 Great North Road, New Lynn, AUCKLAND|09 825 0588|None|http://www.gralin.co.nz
313389|B & N Properties Ltd - Picton|58 Dorset Street, PICTON|03 573 8449|None|http://www.bnproperties.co.nz
240866|Buildcorp|77 Barbados Drive, Unsworth Heights, AUCKLAND|09 444 7851|None|http://www.buildcorp.co.nz
26660|100% Rentals Ltd - Palmerston North|275A Broadway Avenue, PALMERSTON NORTH|06 355 5681|None|http://www.100percentrentals.co.nz
201419|Queenstown Accommodation Centre Limited (Licensed: REAA 2008)|level One, Chester Building, Cnr Camp & Shotover Streets, Queenstown|03 442 7518|None|http://www.qac.co.nz
179558|Pinkney Property Management, Mairangi Bay|360 Beach Road, Mairangi Bay|09 477 2499|None|http://www.homes4rent.co.nz
271708|Xclusive Property Management|None|03 423 9938|None|http://www.xprop.co.nz
280525|Comprende Ltd - Wellington|The Wigan, 8 Wigan Street, WELLINGTON|04 384 2141|None|http://www.comprende.co.nz
217086|Barfoot & Thompson Ltd (Licensed: REAA 2008) - Stonefields|Unit 5, 40 Stonefields Avenue, Stonefields|09 527 0001|None|http://www.barfoot.co.nz/branches/stonefields
272219|A1 Property Managers|84 Blenheim Road, Riccarton, CHRISTCHURCH|03 351 7643|None|http://www.a1prop.co.nz
257846|Full House Management Ltd|Level 6, 267 Wakefield St, Te Aro, Wellington|04 802 1700|None|http://www.fullhousemanagement.co.nz
162411|Goodwin Realty Ltd (Licensed: REAA 2008) - Property Management|6 Mt Albert Road, Mt Albert|09 846 9830|None|http://www.goodwinrealty.co.nz
263931|Goode Rentals and Property Management Ltd|3/2 Edwin Street, Mt Eden, Auckland|09 948 7000|None|http://www.gooderentals.co.nz
16160|Online Realty Ltd (Licensed: REAA 2008) - Ray White, Hamilton|91 Victoria Street, HAMILTON|07 839 7060|07 839 7066|http://www.rwhamilton.co.nz
14491|Barfoot & Thompson Ltd (Licensed: REAA 2008) - Mt Albert|871 New North Road, MT ALBERT|09 846 9197|09 846 9421|http://www.barfoot.co.nz/mtalbert
13211|Barfoot & Thompson Ltd (Licensed: REAA 2008) - Parnell|300 Parnell Road, PARNELL|09 366 0015|09 366 0071|http://www.barfoot.co.nz/parnell
13936|Barfoot & Thompson Ltd (Licensed: REAA 2008) - Blockhouse Bay|Cnr Donovan Street &, Blockhouse Bay Road, BLOCKHOUSE BAY|09 627 8325|09 626 4872|http://www.barfoot.co.nz/blockhousebay
218192|Angel Property Managers|68A Waitangi Road, Onehunga, Auckland|09 281 3547|None|http://www.angelpropertymanagers.co.nz
12223|Barfoot & Thompson Ltd (Licensed: REAA 2008) - New Lynn|Cnr Great North Road &, Delta Avenue, NEW LYNN|09 827 4824|09 827 3081|http://www.barfoot.co.nz/newlynn
121556|Cobb Property Management Ltd (Licensed: REAA 2008) - Mt Eden|25 B George Street, Mt Eden |09 630 9090|None|None
228547|Sorted Property Management Ltd|None|03 467 7204|None|http://www.sortedpropertymanagement.co.nz
201455|Homeads|88 McCormacks Bay , McCormacks Bay, Christchurch|03 384 2634|None|http://www.homeads.co.nz
205115|Spectrum Rentals Ltd|7/465 Mt Eden Road, Mt Eden, AUCKLAND|09 630 2655|None|http://www.spectrumrentals.co.nz
10323|Barfoot & Thompson Ltd (Licensed: REAA 2008) - Orewa|294 Hibiscus Coast Highway, OREWA|09 427 9940|09 427 8395|http://www.barfoot.co.nz/orewa
10852|Barfoot & Thompson Ltd (Licensed: REAA 2008) - Ponsonby|184 Ponsonby Rd, PONSONBY|09 376 3039|09 376 4819|http://www.barfoot.co.nz/ponsonby
14882|Barfoot & Thompson Ltd (Licensed: REAA 2008) - Whangaparaoa|Shop 2/719 Whangaparaoa Road, WHANGAPARAOA|09 424 9199|09 424 8944|http://www.barfoot.co.nz/whangaparaoa
14760|Barfoot & Thompson Ltd (Licensed: REAA 2008) - Highland Park.|Cnr Pakuranga Road & Dunrobin Place, HIGHLAND PARK|09 534 9042|09 534 9240|http://www.barfoot.co.nz/highlandpark
13516|Barfoot & Thompson Ltd (Licensed: REAA 2008) - Kerikeri|53 Kerikeri Road, KERIKERI|09 407 3850|09 407 5092|http://www.barfoot.co.nz/kerikeri
11701|Barfoot & Thompson Ltd (Licensed: REAA 2008) - Waiuku|16-18 Queen Street, WAIUKU|09 235 0880|09 235 6946|http://www.barfoot.co.nz/waiuku
11565|Barfoot & Thompson Ltd (Licensed: REAA 2008) - Grey Lynn|533 Great North Road, GREY LYNN|09 360 2323|09 376 8954|http://www.barfoot.co.nz/greylynn
14049|Barfoot & Thompson Ltd (Licensed: REAA 2008) - Mission Bay|101 Tamaki Drive, MISSION BAY|09 528 0775|09 521 0152|http://www.barfoot.co.nz/missionbay
13647|Barfoot & Thompson Ltd (Licensed: REAA 2008) - Clevedon|6 Main Road, Clevedon Village, CLEVEDON|09 292 8348|09 292 8348|http://www.barfoot.co.nz/clevedon
26068|Barfoot & Thompson Ltd (Licensed: REAA 2008) - Swanson|710 Swanson Road, SWANSON|09 832 9100|None|http://www.barfoot.co.nz/swanson
206778|Barfoot & Thompson Ltd (Licensed: REAA 2008) - Royal Heights|128 Royal Road, Massey|09 831 0310|09 831 0311|None
14336|Barfoot & Thompson Ltd (Licensed: REAA 2008) - Takapuna|Cnr Lake Rd & Blomfield Spa, TAKAPUNA|09 489 5084|09 486 3069|http://www.barfoot.co.nz/takapuna
12807|Barfoot & Thompson Ltd (Licensed: REAA 2008) - Birkenhead|24 Birkenhead Ave, BIRKENHEAD|09 480 9029|09 480 9025|http://www.barfoot.co.nz/birkenhead
220359|Supercity Rental Management Ltd - Ray White, City Apartment Rentals|2 Lorne Street, AUCKLAND|09 308 5555|None|http://www.rwcityapartmentrentals.co.nz
15511|Lodge City Rentals Ltd (Licensed: REAA 2008) - Hamilton|431-433 Grey Street, HAMILTON|07 856 4500|None|http://www.lodgerentals.co.nz
264814|Hawera Property Management - Harcourts Rentals|284 High Street, HAWERA|06 278 1906|None|None
122504|McPherson Property Management|14 Lowe Street, Addington, CHRISTCHURCH|03 343 3206|None|None
28409|Phoenix Property Management Ltd (Licensed: REAA 2008) - Harcourts|Level 1 , 88 Division Street, Riccarton, CHRISTCHURCH|03 348 9468|None|None
8681|Cooper & Co Real Estate Ltd (Licensed: REAA 2008) - Harcourts, Glenfield|438 Glenfield Road, GLENFIELD|09 444 6629|None|http://www.glenfield.harcourts.co.nz/
3595|Beaven Realty Ltd (Licensed: REAA 2008) - Professionals, New Plymouth|106-116 Leach Street, NEW PLYMOUTH|06 758 5632|None|http://www.nakirealestate.co.nz
5183|Real Estate New Zealand (Licensed: REAA 2008) - Ashburton|191 Burnett Street, ASHBURTON|03 308 6173|None|http://www.realestatenewzealand.net.nz
215127|Auckland Home Rentals|None|021 1072309|None|http://www.aucklandhomerentals.vpweb.co.nz
4451|Iron Bridge Real Estate Ltd (Licensed: REAA 2008) - Christchurch|Level 1 , 130 Riccarton Road, Riccarton, CHRISTCHURCH|03 961 5333|None|http://www.ironbridge.co.nz
8003|Crockers Realty Ltd (Licensed: REAA 2008) - Epsom|525 Manukau Road, EPSOM|09 630 8890|None|http://www.crockers.co.nz
8643|Richardsons Real Estate Ltd (Licensed: REAA 2008) - Pauanui|Shop 6 & 7 Jubilee Drive, PAUANUI|07 864 8607|07 864 7421|http://www.richardsons.co.nz
27205|Eves Realty Ltd (Licensed: REAA 2008) - Katikati|Cnr Main Road & Jocelyn Street, KATIKATI|07 549 0052|None|None
26953|Omokoroa First National Real Estate (Licensed: REAA 2008)|Shop 5, 14 Hamurana Road, OMOKOROA|07 548 2550|None|http://www.omokoroafirstnational.co.nz
123201|Highland Real Estate Group Ltd (Licensed: REAA 2008) - Harcourts, Cromwell|70 The Mall, CROMWELL|03 445 1155|None|http://www.cromwell.harcourts.co.nz
29029|Next Step Realty Ltd (Licensed: REAA 2008) - Ray White|Unit 2, 422 Innes Road, Shirley, CHRISTCHURCH|03 386 0311|None|None
265814|Housemart Queenstown Ltd|Alter House, Terrace Junction|03 442 3815|None|http://www.housemart.co.nz
27074|Waitakere Real Estate Ltd (Licensed: REAA 2008) - First National, Waitakere|706 Swanson Road, Swanson, Waitakere|09 832 0082|09 832 0084|http://www.firstnationalwest.co.nz
14284|Pakuranga & Howick Realty (Licensed: REAA 2008) - Howick|11 Rices Mall, Central Terrace, HOWICK|09 538 0090|09 538 1059|http://www.phrealty.co.nz
231331|M H Realty Ltd (Licensed: REAA 2008) - Bayleys, Thames|459 Pollen Street, Thames|None|None|None
282741|Northern Realty Ltd (Licensed: REAA 2008) - Century 21, Silverdale|Shop 3, 12 Silverdale Street, SILVERDALE, Auckland|09 426 0422|None|http://www.century21.co.nz/silverdale
11372|Whangamata Real Estate Ltd (Licensed: REAA 2008) - Port Rd|607 Port Road, WHANGAMATA|07 865 8491|None|http://www.beachproperty.co.nz
121438|Whalan and Partners Ltd (Licensed: REAA 2008) - Bayleys, Christchurch Rentals|None|03 375 4800|None|http://www.bayleyspm.co.nz
354|G V M Ltd (Licensed: REAA 2008) - RE/MAX Team Realty, New Plymouth|299 Devon Street East, NEW PLYMOUTH|06 759 8084|None|http://www.remax.co.nz
23835|Methven Real Estate Ltd (Licensed: REAA 2008)|127 Main St, METHVEN|03 303 3093|None|None
14591|Barfoot & Thompson Ltd (Licensed: REAA 2008) - Mairangi Bay|386 Beach Road, MAIRANGI BAY|09 478 9089|09 479 3677|http://www.barfoot.co.nz/mairangibay
281386|Progressive Realty Group Ltd (Licensed: REAA 2008) - Ray White, Invercargill|231 Dee Street, INVERCARGILL|03 218 6117|None|http://www.rwinvercargill.co.nz
11945|Realty Focus Ltd (Licensed: REAA 2008) - Ray White, Mt Maunganui|260 Maunganui Road, Mt Maunganui|07 575 2030|None|http://www.rwmtmaunganui.co.nz
204891|MyMove Tasman Ltd|175D High Street, MOTUEKA|03 544 2065|None|None
5508|Eves Realty Ltd (Licensed: REAA 2008) - Tauranga|Cnr Sixth Ave & Cameron Rd, TAURANGA|07 578 2159|07 578 5287|http://www.eves.co.nz
13507|Bream Bay Realty Ltd (Licensed: REAA 2008) - Ruakaka|Shop 11, Town Centre, RUAKAKA|09 433 0300|None|http://www.bbrealty.co.nz
18813|North Island Realty Ltd (Licensed: REAA 2008) - Harveys, Otaki|254 State Highway, OTAKI|06 364 6560|None|http://www.harveys.co.nz
9026|Richardsons Real Estate Ltd (licensed: REAA 2008) - Matarangi|Matarangi Shopping Centre, MATARANGI|07 866 0322|07 866 2994|http://www.richardsons.co.nz
15315|Edinburgh Realty Ltd (Licensed: REAA 2008) - Dunedin|578 George Street, North Dunedin, DUNEDIN|03 474 0444|03 474 0056|http://www.edinburghrealty.co.nz
4248|Realty Waikato Ltd (Licensed: REAA 2008) - Harveys, Tokoroa|223 Leith Place, TOKOROA|07 886 8064|None|http://www.harveys.co.nz
4517|Iron Bridge Real Estate Ltd (Licensed: REAA 2008) - Takapuna|Level 1, 8 Greydene Place , Takapuna, AUCKLAND|09 985 2820|09 985 2820|http://www.ironbridge.co.nz
344151|Summit Property Management Limited - Blenheim| 30 Alfred Street , BLENHEIM|03 578 0404|None|http://www.summitrentals.co.nz
119729|Horncastle Property Management Ltd|HEAD OFFICE, 38 Lowe Street, Riccarton, Christchurch|0800 RENT HPM|0800 7368 476|http://www.rentwell.co.nz
202434|Connect Realty Ltd (Licensed: REAA 2008)|267 Cameron Road, Tauranga|07 213 0826|None|http://www.connectrealty.co.nz
10553|RE/MAX INITIAL REALTY LTD (Licensed: REAA 2008) - Christchurch|Cnr Apsley Drive & Withells Road, CHRISTCHURCH|03 358 7469|None|http://www.initialrealty.co.nz
185435|Wanganui Real Estate Ltd (Licensed: REAA 2008) - Ray White, Wanganui|254 Victoria Avenue , Wanganui |06 347 7777|None|http://rwwanganui.co.nz
16240|North Harbour Realty Ltd (Licensed: REAA 2008) - Ray White, Glenfield|P O Box 40-591, Glenfield, NORTH SHORE CITY|09 444 6359|None|http://www.rwglenfield.co.nz
14138|Baldwin & Brown (Richmond) Ltd (Licensed: REAA 2008) - Ray White, Richmond|257 Queen Street, RICHMOND|03 544 8778|None|http://www.rwrichmond.co.nz
12440|Far North Circle Real Estate Ltd (Licensed: REAA 2008) - Ray White, Kaitaia|123 Commerce Street, KAITAIA|09 408 2900|None|http://www.rwkaitaia.co.nz
15740|Access Real Estate Ltd (Licensed: REAA 2008) - Ray White, Pinehill|537a east coast road, Pinehill, AUCKLAND|09 477 2788|None|http://www.rwpinehill.co.nz/
28411|Nidd Realty Ltd (Licensed: REAA 2008) - Property Management, Dunedin|Cavendish Chambers, 211 High Street, DUNEDIN|03 477 4430|None|http://www.nidd.co.nz
26694|Realty List & Sell Ltd (Licensed: REAA 2008) - Ray White, Taupo|24 Spa Road, TAUPO|07 376 1800|None|None
12537|Mountfort Estate Agents Ltd (Licensed: REAA 2008) - Ray White, Howick|12 Uxbridge Road, HOWICK|09 538 0688|09 538 0680|http://www.rwhowick.co.nz
179264|Waikato Real Estate Ltd (Licensed: REAA 2008) - Ray White, Putaruru|30 Tirau Street , Putaruru|07 883 3195|None|http://rwputaruru.co.nz
269477|Brenda Currie Property Management Ltd|23A Palm Avenue, PALMERSTON NORTH|06 357 1405|None|http://www.brendacurrie.co.nz
6658|BCRE LTD (Licensed: REAA 2008) - Harcourts, Papakura|3 O'Shannessey Street, PAPAKURA|09 298 6024|09 298 2204|http://www.harcourts.co.nz
193184|Eves Realty Ltd (Licensed: REAA 2008) - Hamilton|25 Mill Street, HAMILTON|07 839 9996|0800 383 773|http://www.eves.co.nz
208052|Mills Gibbon and Co Ltd (Licensed: REAA 2008) - First National, Hawera|202-206 High Street, HAWERA|06 278 0360|None|http://www.mgfn.co.nz
1207|Vining Realty Group Ltd (Licensed: REAA 2008) - Bayleys, Nelson|288 Trafalgar Street, NELSON|03 546 9455|None|http://www.bayleys.co.nz/Nelson
9054|Papakura Realty Ltd (Licensed: REAA 2008) - First National, Papakura|124-126 Great South Road, PAPAKURA|09 298 1234|None|http://www.firstnationalpapakura.co.nz
6631|Eves Realty Ltd (Licensed: REAA 2008) - Mount/Papamoa Rentals|Papamoa Plaza, PAPAMOA|07 572 8285|None|http://www.eves.co.nz
6104|Anne Duncan Real Estate Ltd (Licensed: REAA 2008)|746 New North Road, Mt Albert, AUCKLAND|None|None|http://www.anneduncan.co.nz
331627|Point Property and Portfolio Management Ltd|Level 4, 149 Parnell Road, Auckland, AUCKLAND|09 525 2503|None|None
24537|Lovegrove Realty Ltd (Licensed: REAA 2008) - Professionals, Manukau City|652 Great South Rd, Manukau|09 555 9100|None|http://www.lovegroverealty.co.nz
344149|Summit Property Management Limited - Nelson|60 Rutherford Street, Nelson|03 546 9290|None|http://www.summitrentals.co.nz
121179|McDonald Real Estate Ltd (Licensed: REAA 2008) - New Plymouth|109 Devon Street East, New Plymouth|06 757 3083|None|http://www.eieio.co.nz
9856|Property Brokers Ltd (Licensed: REAA 2008) - Masterton|84 Chapel Street, MASTERTON|06 370 0701|None|http://www.propertybrokers.co.nz
18647|Southland Real Estate Ltd (Licensed: REAA 2008)|171 Dee Street, INVERCARGILL|03 214 5554|None|http://www.southlandrealestate.co.nz
340036|Uno Property Management|2/14 Normanby Road, Mt Eden, Auckland|09 361 7744|None|None
243717|Sunrise Property Management and Services Ltd|301H Botany Road, Golflands, Auckland|09 273 0069|None|http://www.sunriseproperty.co.nz
18329|Success Realty Ltd (Licensed: REAA 2008) - Bayleys, New Plymouth|Cnr Robe and Powderham Streets, NEW PLYMOUTH|06 759 0415|None|http://www.bayleys.co.nz
14967|The Locals Property Management|437 New North Road, KINGSLAND|None|None|None
16026|Western Realty Ltd (Licensed: REAA 2008) - Ray White, Glen Eden|66 Glenmall Place, Glen Eden, WAITAKERE|09 813 6690|09 813 6776|http://www.raywhite.co.nz
24817|Shelter Realty Ltd (Licensed: REAA 2008) - Harcourts, New Lynn|310-3103 Great North Road, NEW LYNN|09 825 1000|None|None
25361|Cooper & Co Real Estate Albany Ltd (Licensed: REAA 2008) - Harcourts, Albany|232 Dairy Flat Highway , ALBANY VILLAGE|None|None|None
4689|Riverlands Real Estate Ltd (Licensed: REAA 2008) - Harcourts, Huntly|80 Main Street, HUNTLY|07 828 8426|None|http://www.riverlands.harcourts.co.nz
11221|Edwards Realty Ltd (Licensed: REAA 2008) - Century 21, Dannemora|Unit 6 , 345 Chapel Road, DANNEMORA|09 274 3303|None|None
9654|Guardian First National Ltd (Licensed: REAA 2008) - First National, Johnsonville|20 Johnsonville Road, JOHNSONVILLE|04 477 6177|None|http://www.guardianfirstnational.co.nz
4934|Cromwell First National Real Estate Ltd (Licensed: REAA 2008) - Cromwell|1 The Mall, CROMWELL|03 445 1748|None|http://www.homesforyou.co.nz
9955|Selwyn Metcalfe Real Estate, Selwyn Metcalfe Ltd (Licensed: REAA 2008) â€“ Hawera|Cnr Nelson & Union Street, HAWERA|06 278 2000|None|http://www.nzpropertiesonline.com
9508|Property Brokers Ltd (Licensed: REAA 2008) - Palmerston North|234-238 Broadway Avenue, PALMERSTON NORTH|06 356 5122|None|http://www.propertybrokers.co.nz
3192|Unique Realty Ltd (Licensed: REAA 2008) - Professionals, Palmerston North|210 Broadway Avenue, PALMERSTON NORTH|06 350 0007|06 359 1616|http://www.uniquerealty.co.nz
26259|Auckland Real Estate Ltd (Licensed: REAA 2008) - Harcourts, Auckland|18 Emily Place, Auckland Central |09 300 3070|None|http://www.aucklandcentral.harcourts.co.nz
112125|Full Circle Real Estate (Licensed: REAA 2008) - Ray White|Northwood Supacentre, Unit E 1 Radcliffe Road, CHRISTCHURCH|03 323 4350|None|http://www.rwnorthwood.co.nz 
395839|Chic Property Management Ltd - Papakura|5/35 Wellington Street, Papakura, AUCKLAND|022 0800 237|None|http://www.chicpm.co.nz
184545|Raffles Lodge Management Limited|20 Wills Street, Balaclava, Dunedin|None|None|None
111718|Cooper & Co Real Estate Ltd (Licensed: REAA 2008) - Harcourts, Mairangi Bay|400 Beach Road, Mairangi Bay, AUCKLAND|09 478 6049|None|http://www.mairangibay.harcourts.co.nz
24842|Real Estate Out West Ltd (Licensed: REAA 2008) - Ray White, Henderson|6 Railside Avenue, HENDERSON|09 836 6606|09 835 1793|http://www.rwhenderson.co.nz
168014|Cooper & Co Real Estate Ltd (Licensed: REAA 2008) - Harcourts, Waiheke Island|143 Oceanview Road, Oneroa, Waiheke Island|09 372 8727|None|http://www.waihekeisland.harcourts.co.nz
21677|Westerman Property Solutions Ltd (Licensed: REAA 2008) - Taupo|Level 1, 14 Ruapehu St, TAUPO|07 378 6163|None|http://www.westermanpropertysolutions.co.nz
26646|Team Taranaki Rentals Limited - Harcourts, New Plymouth|23 Hobson Street , NEW PLYMOUTH|06 758 4397|None|http://www.taranaki.harcourts.co.nz
216461|Cutlers Ltd (Licensed: REAA 2008) - Property Management|709 Great King Street, DUNEDIN|03 477 9977|None|None
213123|City Sales Ltd - Property Management|445 Karangahape Road, Newton, Auckland|09 3030 601|None|http://www.citysales.co.nz
240865|Team Group Rentals - Harcourts, Lower Hutt|89 Queens Drive, LOWER HUTT|04 576 2045|None|http://www.teamgrouprentals.co.nz
14645|Barfoot & Thompson Ltd (Licensed: REAA 2008) - Devonport|39 Victoria Rd, DEVONPORT|09 445 2010|09 445 2012|http://www.barfoot.co.nz/devonport
174095|First Avenue Property Limited (Licensed: REAA 2008) - Christchurch|918 Colombo Street , Christchurch |03 377 0509|None|http://www.firstavenue.co.nz
172292|Westside Real Estate Ltd (Licensed: REAA 2008) - Christchurch|34 Yaldhurst Road, Upper Riccarton|03 348 0796|None|http://www.westsiderealestate.co.nz
12925|McDonald Real Estate Ltd (Licensed: REAA 2008) - Waitara|49 Mclean Street, WAITARA|06 7549004|None|http://www.eieio.co.nz
123200|Highland Real Estate Group Ltd (Licensed: REAA 2008) - Harcourts, Queenstown|39 Shotover Street, Queenstown|03 441 0777|03 441 0793|http://www.harcourtsqueenstown.co.nz
5924|One Agency Dunedin - The Property Specialists (Licensed: REAA 2008)|307 Highgate, Roslyn, DUNEDIN|03 474 0526|03 474 0526|http://www.oneagencydunedin.co.nz
6195|Watson Real Estate Ltd (Licensed: REAA 2008) - Palmerston North|267 Broadway Avenue, PALMERSTON NORTH|06 353 7274|06 353 1925|http://www.watsonproperty.co.nz
3057|Fisken & Associates Ltd (Licensed: REAA 2008) - Professionals, Queenstown|26 Shotover St, QUEENSTOWN|03 442 7747|None|http://www.professionals.co.nz
1332|Curnow Realty Ltd (Licensed: REAA 2008) - Bayleys, Waiheke & Great Barrier|147 Ocean View Road, Oneroa, WAIHEKE ISLAND|09 372 0005|None|http://www.bayleyswaiheke.co.nz
1010|Bayleys Real Estate Ltd (Licensed: REAA 2008) - Auckland|Maritime Square, 4 Viaduct Harbour Avenue, AUCKLAND|09 309 6020|None|http://www.bayleys.co.nz
267567|Bayleys Real Estate Ltd (Licensed: REAA 2008) - Manukau Residential|2 Harris Road, East Tamaki|09 534 5189|None|http://www.bayleys.co.nz
5331|Whittle Knight & Boatwood Ltd (Licensed: REAA 2008) - Riccarton|Cnr Riccarton & Clyde Rds, Riccarton, CHRISTCHURCH|03 348 4149|None|http://www.wkb.co.nz
6853|Southern Suburbs Realty Ltd (Licensed: REAA 2008) - Harveys, Papakura|319-323 Great South Road, Papakura, AUCKLAND|09 298 4000|None|http://www.harveys.co.nz
10728|Property Brokers Ltd (Licensed: REAA 2008) - Foxton|Cnr Main & Clyde Streets, FOXTON|06 363 0022|None|http://www.propertybrokers.co.nz
332500|Haven Property Management|16 Bridge Street , Nelson|03 548 3440|None|http://http://www.havenpm.co.nz
360872|Metro Property Management|218 Cnr Princess and Rattray Streets, Dunedin|03 477 8315|None|http://www.metropropertymanagement.co.nz
279114|Property Brokers Ltd (Licensed: REAA 2008) - Taumarunui|27 Hakiaha Street, TAUMARUNUI|07 895 7123|None|None
245769|Tremains Rentals Ltd|1000 Karamu Road, Mayfair, Hastings|None|None|None
247758|Property Brokers Ltd (Licensed: REAA 2008) - Te Aroha|152 Whitaker Street, TE AROHA|07 884 9547|None|http://www.propertybrokers.co.nz
238585|Be Marlborough Ltd (Licensed: REAA 2008) - Bayleys, Marlborough|Cnr Charles & Seymour Street, Blenheim|03 578 7700|None|http://www.bayleys.co.nz
12976|McDonald Real Estate Ltd (Licensed: REAA 2008) - Hawera|Cnr High St &, Wilson Street, HAWERA|06 2786668|None|http://www.eieio.co.nz
365245|McDowell Real Estate Ltd (Licensed: REAA 2008) - Professionals, Rotorua|1290 Eruera Street, Rotorua|07 348 4159|None|http://mcdowell.co.nz
2960|MacPherson Realty Ltd (Licensed: REAA 2008) - Professionals, Invercargill|283 Dee Street, INVERCARGILL|03 214 4529|03 214 4556|http://www.prored.co.nz
13278|Wayne Graham Realty Ltd (Licensed: REAA 2008) - LJ Hooker, Dunedin|63-67 Musselburgh Rise, DUNEDIN|03 470 1370|None|http://www.ljhooker.co.nz
22776|Rivercity Realty Ltd (Licensed: REAA 2008) - LJ Hooker, Wanganui|25 Victoria Ave, WANGANUI|06 349 0883|None|http://www.wanganui.ljhooker.co.nz
8753|Devlin Real Estate Ltd (Licensed: REAA 2008) - Rangiora|139 High Street, RANGIORA|03 313 8829|None|http://www.devlin.co.nz
25096|Prier Manson Real Estate Ltd (Licensed: REAA 2008) - Ray White, Ferrymead|21 Humphreys Drive, Ferrymead, CHRISTCHURCH|03 384 4179|None|http://rwferrymead.co.nz
11929|Impression Real Estate Ltd (Licensed: REAA 2008) - Auckland|Volt Apartments, 430 Queen Street, AUCKLAND|09 300 5001|None|http://www.impression.co.nz
120412|Ideal Real Estate Ltd (Licensed: REAA 2008) Ray White, Albany|27 William Pickering Drive, Albany|09 415 1696|None|None
167763|Amtos Realty Services (Licensed: REAA 2008) - Ray White, Rotorua|1239 Amohia Street, Rotorua|07  348 8333|None|http://www.rwrotorua.co.nz
13475|Vision Real Estate Ltd (Licensed: REAA 2008) - Harcourts, Bishopdale|127 Farrington Ave, CHRISTCHURCH|03 359 4370|None|http://www.harcourtsvision.co.nz
14701|Sue Douglas Property Services Ltd (Licensed: REAA 2008) - Ray White, Manurewa|169 Great South Road, Manurewa, AUCKLAND|09 269 0600|None|http://www.rwmanurewa.co.nz
16140|Results Realty Ltd (Licensed: REAA 2008) - Ray White, New Brighton|118 Brighton Mall, New Brighton, CHRISTCHURCH|03 382 2230|None|http://www.rwnewbrighton.co.nz
4069|Holmwood Real Estate Ltd (Licensed: REAA 2008) - Harcourts, Invercargill|182 Dee Street, INVERCARGILL|03 214 4080|None|http://www.harcourts.co.nz
219798|JK Realty Group Ltd (Licensed: REAA 2008) - Harcourts, Mt Albert|4 Mt Albert Rd, Mt Albert, AUCKLAND|09 815 8899|None|http://mtalbert.harcourts.co.nz
272212|Coutts & Co Ltd Property Management|2 Trig Road, West Harbour, AUCKLAND|09 416 4497|None|http://www.couttsandco.co.nz
26705|Kevin Deane Real Estate (Cambridge) Ltd (Licensed: REAA 2008) - Harcourts, Matamata|28A Arawa Street, MATAMATA|07 880 9762|None|None
4095|Holmwood Real Estate Ltd (Licensed: REAA 2008) - Harcourts, Gore|183 Main Street, GORE|03 208 1222|None|http://www.gore.harcourts.co.nz
4047|Regent Realty Ltd (Licensed: REAA 2008) - Harcourts, Hastings|307 Karamu Road, HASTINGS|06 872 8888|None|http://www.hawkesbay.harcourts.co.nz
233344|Charlton Realty Ltd (Licensed: REAA 2008) - Harcourts, Ponsonby|89 Ponsonby Road, Ponsonby, AUCKLAND|09 360 0485|None|None
17499|Bay of Islands Realty Ltd (Licensed: REAA 2008) - Harcourts, Kerikeri|74 Kerikeri Rd, Kerikeri|09 407 6677|09 407 6125|http://www.bayofislands.harcourts.co.nz
121511|Highland Real Estate Group Ltd (Licensed: REAA 2008) - Harcourts, Dunedin|16 Queens Gardens, CENTRAL DUNEDIN|03 477 5334|None|http://www.dunedin.harcourts.co.nz
409948|Newland Burling Real Estate Limited (Licensed REAA:2008)|268 Manukau Road, Epsom, Auckland|021 022 17333|None|http://www.newlandburling.co.nz
10185|Western First National Real Estate Ltd (Licensed: REAA 2008) - New Plymouth|127 Devon Street East, NEW PLYMOUTH|06 757 5101|06 757 9993|http://www.newplymouthfn.co.nz
392207|managemyproperty|45 Rugby Street, Mount Cook, Wellington|04 475 7766|04 475 7766|http://www.managemyproperty.co.nz
344238|Summit Property Management Limited - Picton|37a High Street, PICTON|03 573 6166|None|http://www.summitrentals.co.nz
18811|North Island Realty Ltd (Licensed: REAA 2008) - Harveys, Levin|78 Oxford St, LEVIN|06 368 2866|None|http://www.harveys.co.nz
333619|Xclusive Management|97, The Strand, Whakatane, Whakatane|07 3077 274|None|http://www.xclusivemanagement.co.nz
1409|George Boyes & Co Ltd (Licensed: REAA 2008) - LJ Hooker, Hamilton|1030 Victoria Street, HAMILTON|07 838 2039|None|http://www.hamilton.ljhooker.co.nz
277283|Forrest Hill Realty Ltd (Licensed: REAA 2008) - Ray White, Sunnynook|26 Tonkin Road, Sunnynook, Auckland|09 410 2828|None|http://www.rwsunnynook.co.nz
13177|Harcourts Udy Realty Ltd (Licensed: REAA 2008)|15 Anzac Road, Browns Bay, AUCKLAND|09 4782206|None|None
222711|Century 21 Gadsby Realty (Licensed: REAA 2008) - Te Awamutu|1/305 Alexandra Street, Te Awamutu|07 871 7189|None|http://www.century21.co.nz/teawamutu
9651|Brazier Property Investments Ltd (Licensed: REAA 2008)|838 Colombo Street, CHRISTCHURCH|03 377 7122|None|http://http://www.braziers.co.nz/
240718|Propertyscouts - Dunedin|Ground Floor, 26 Bath Street, DUNEDIN|03 477 9228|None|http://www.propertyscouts.co.nz
9068|Progressive Realty Ltd (Licensed: REAA 2008) - First National, Christchurch|1 Wentworth Street , Ilam, CHRISTCHURCH|03 358 9088|03 358 9088|http://www.gpre.co.nz
10571|Mark Stevenson First National Real Estate Ltd (Licensed: REAA 2008) - Blenheim|62 Market Street, Blenheim, MARLBOROUGH|03 578 8059|None|http://www.marlboroughrealestate.co.nz
9235|Buller Real Estate Ltd (Licensed: REAA 2008) - Property Brokers, Westport|132 Palmerston Street, WESTPORT|03 789 8777|None|http://www.propertybrokers.co.nz
2892|Professionals Whakatane Ltd (Licensed: REAA 2008) - Professionals|38 Landing Road, WHAKATANE|07 307 0165|None|http://www.professionalswhakatane.co.nz
6231|Broadbents 2001 Ltd (Licensed: REAA 2008) - LJ Hooker, Warkworth|20 Queen Street, WARKWORTH|09 425 8589|None|None
9485|Cowdy & Company (Licensed: REAA 2008) - Christchurch|29 Papanui Road, CHRISTCHURCH|03 355 6555|03 355 6686|http://www.cowdy.co.nz
25219|Property Brokers Ltd (Licensed: REAA 2008) - Wanganui|51 Taupo Quay, WANGANUI|06 345 7714|None|http://www.propertybrokers.co.nz
175098|Bayleys Real Estate Ltd (Licensed: REAA 2008) - Takapuna|28 Northcroft St, Takapuna|09 489 1999|09 309 6020|http://www.bayleys.co.nz
123001|Property Brokers Ltd (Licensed: REAA 2008) - Levin|1 Bristol Street, Levin|06 366 0880|06 366 0666|http://www.propertybrokers.co.nz
206713|Hibiscus Realty Ltd (Licensed: REAA 2008) - Ray White, Manly|49 Rawhiti Road, MANLY|09 428 1927|None|http://rwmanly.co.nz
25411|Edge Realty Whakatane Limited (Licensed: REAA 2008)|259 The Strand, WHAKATANE|07 308 0232|None|http://www.edgerealty.co.nz
112391|Maguire Realty Ltd (Licensed: REAA 2008) - Ray White, Mission Bay|12A Patteson Ave, Mission Bay, AUCKLAND|09 578 5000|None|None
15153|Pip Nielsen Realty (Licensed: REAA 2008) - Ray White, Burnside|55 Blighs Road, Strowan, CHRISTCHURCH|03 359 1899|None|http://www.rwburnside.co.nz
410021|Preet & Co Real Estate Ltd (Licensed: REAA 2008) - Harcourts, Meadowlands Rentals|None|09 261 3535|None|http://meadowlandsrentals.co.nz
1892|Grenadier Accommodation Centre Ltd (Licensed: REAA 2008) - Harcourts, Christchurch|11/357 Madras Street, CHRISTCHURCH|03 377 0400|None|http://www.assetmanagers.co.nz 
5494|Twiss Keir Realty Ltd (Licensed: REAA 2008) - Harcourts, Belfast|15 Good Street , Rangiora, 7400|None|None|None
274356|Looking4rentals 2012 Ltd|290 Clyde Road, Ilam, CHRISTCHURCH|03 351 3500|None|http://www.holmwood.co.nz
16112|Damerell Group Ltd (Licensed: REAA 2008) - Ray White, Ponsonby|259 Ponsonby Road, PONSONBY|09 3762186|None|http://www.rwponsonby.co.nz
5994|Four Seasons Realty Ltd (Licensed: REAA 2008) - Harcourts, Halswell|379 Halswell Road, CHRISTCHURCH|03 322 1197|None|http://www.fourseasons.harcourts.co.nz
240373|Royal Property Management|6 Taurima St, Hatatai, Wellington|04 977 7805|None|http://www.royalproperty.co.nz
230014|Mahurangi Realty Ltd (Licensed: REAA 2008) - Harveys, Warkworth|15 Elizabeth Street, WARKWORTH|09 425 1055|None|http://www.harveys.co.nz
344150|Summit Property Management Limited - Stoke|506 Main Road, Stoke|None|None|http://www.summitrentals.co.nz
120610|hoamz Ltd (Licensed: REAA 2008) - Invercargill|99 Spey Street, Invercargill|03 214 6269|None|http://www.hoamz.co.nz/southland
119340|Landmark Real Estate West Coast Ltd (Licensed: REAA 2008) - Ray White, Westport|196 Palmerston Street, WESTPORT|03 789 8881|None|http://www.rwwestport.co.nz
7296|Advantage Realty Ltd (Licensed: REAA 2008) - Harcourts, Tauranga|1 Third Avenue, TAURANGA|07 578 0879|None|http://www.harcourts.co.nz
12339|Real Estate House (Manawatu) Ltd (Licensed: REAA 2008) - Ray White, Palmerston North|188 Broadway Ave, PALMERSTON NORTH|06 356 7109|None|http://www.rwpalmerstonnorth.co.nz
27198|Holmwood Real Estate Ltd (Licensed: REAA 2008) - Harcourts, Holmwood Property Management|401A, Ilam Road, Ilam, CHRISTCHURCH|03 351 3315|None|http://www.holmwood.co.nz
10573|Property Brokers Ltd (Licensed: REAA 2008) - Napier|19 Clive Square West, NAPIER|06 834 4255|None|http://www.propertybrokers.co.nz
229347|Hawkes Bay Residential Ltd (Licensed: REAA 2008) - First National, Hastings|Bay Plaza, Corner Karamu and Avenue Roads, HASTINGS|06 877 3126|None|http://www.hbresidential.co.nz
339584|Auckland Property Management Solutions|426 Hillsborough Road, Lynfield, AUCKLAND|09 627 1920|None|None
15931|Proven Realty Ltd (Licensed: REAA 2008) - Ray White, Dunedin|12 Wharf Street, Dunedin Central, DUNEDIN|03 477 3660|None|http://www.rwdunedin.co.nz
318574|Southern Corridor Realty Ltd (Licensed: REAA 2008) - Ray White, Papakura|7/14 Railway Street West, Papakura, AUCKLAND|None|None|http://www.rwpapakura.co.nz
230941|Taupo Realty Services Ltd - Harcourts, Taupo Rentals|49 Heuheu Street, TAUPO|07 378 1110|None|None
27192|Holmwood Real Estate Ltd (Licensed: REAA 2008) - Harcourts, St Albans|74 Edgeware Road, Edgeware Village, St Albans, CHRISTCHURCH|03 377 0377|None|http://www.stalbans.harcourts.co.nz
8465|Blackham & Co Real Estate Ltd (Licensed: REAA 2008) - Harcourts, Timaru|41 Sophia Street, TIMARU|03 688 0088|None|http://www.harcourts.co.nz
18036|Marlborough Real Estate 2008 Ltd (Licensed: REAA 2008) - Harcourts, Kaikoura|PO Box 34, Kaikoura|03 319 5800|None|http://http://marlborough.harcourts.co.nz/
23085|Law Realty Ltd (Licensed: REAA 2008)|547 Weymouth Rd, Weymouth, Auckland|09  268 8109|09 268 8109|None
164968|FaceUp Real Estate - Auckland (Licensed: REAA 2008)|57 Wiseley Road, WEST HARBOUR|09 416 6987|None|http://www.faceup.co.nz
5338|Coutts & Co Ltd (Licensed: REAA 2008) - Harveys, West Harbour|Level 2 , 2 Trig Road, West Harbour, Auckland|09 416 4497|None|http://www.couttsandco.co.nz
363633|Black Group Realty Ltd (Licensed: REAA 2008) - Ray White, Epsom|349a Manukau Road, Epsom, Auckland|09 638 8640|None|http://rwepsom.co.nz
187663|DB 2012 Ltd (Licensed: REAA 2008) - Ray White, Upper Hutt|2 Geange Street, Upper Hutt|04 212 6324|None|http://rwupperhutt.co.nz
13606|Rosetown Realty Ltd (Licensed: REAA 2008) - Ray White, Te Awamutu|223 Alexandra Street, TE AWAMUTU|07 872 0927|None|None
9254|Love Realty Ltd (Licensed: REAA 2008) - Harcourts, Te Atatu South|288 Te Atatu Road, Te Atatu South, AUCKLAND|09 834 3055|None|http://www.loverealty.harcourts.co.nz
252580|Preet & Co Real Estate Ltd (Licensed: REAA 2008) - Harcourts, Otahuhu Rentals|123 Atkinson Avenue, Otahuhu|09 270 5858|None|http://www.otahuhu.harcourts.co.nz
9827|Hub Property Management, Hub Realty Ltd (Licensed: REAA 2008)|27 Rockfield Rd, Penrose|027 482 4088|None|None
348224|Blue Fern Property Management Ltd - Harcourts Henderson Rentals|Level 1, 379 Great North Road, Henderson, AUCKLAND|09 838 0940|None|http://www.westauckland.harcourts.co.nz
211614|George Boyes & Co Ltd (Licensed: REAA 2008) - LJ Hooker, Huntly|102 Main Street, HUNTLY|07 828 8525|None|http://www.huntly.ljhooker.co.nz
15969|G Y Group Ltd (Licensed: REAA 2008) - Ray White, Ellerslie|Suite 1 101 Main Highway, ELLERSLIE|09 525 2600|None|http://www.rwellerslie.co.nz
8825|Mid Canterbury Real Estate Ltd (Licensed: REAA 2008) - Ray White, Ashburton|96 Tancred Street, ASHBURTON|03 307 8317|None|http://rwashburton.co.nz
219058|Michelle Greer Real Estate Ltd (Licensed: REAA 2008) - Ray White, Timaru|23 Sophia Street, TIMARU|03 688 6277|None|http://rwtimaru.co.nz
26265|Custom Residential Ltd (Licensed: REAA 2008) - Auckland|39/332 Great North Road, Grey Lynn, Auckland|09 360 4860|None|http://www.customresidential.co.nz
11915|Sheryl Page Real Estate Ltd (Licensed: REAA 2008) - Harcourts, Waitara|40 Mclean Street, WAITARA|06 754 4115|None|http://www.harcourts.co.nz
28922|Charlton Realty Ltd (Licensed: REAA 2008) - Harcourts, Epsom|95 Manukau Road, EPSOM|09 631 5402|None|http://www.mtedenepsom.harcourts.co.nz
8756|Cooper & Co Real Estate Ltd (Licensed: REAA 2008) - Harcourts, Devonport|18 Clarence Street, DEVONPORT|09 446 2030|None|http://www.devonport.harcourts.co.nz
24959|V & B Realty Ltd (Licensed: REAA 2008) - Harcourts, Mt Roskill|1480 Dominion Road, MT ROSKILL|09 629 0088|09 621 1033|http://www.harcourts.co.nz
9761|Waikato Real Estate - Property Management, Hamilton|871A Victoria Street, HAMILTON|07 838 9988|None|http://www.wre.co.nz 
190416|Maxwell Realty Ltd (Licensed: REAA 2008) - First National, Gore|32 Irk Street, Gore|03 208 9801|None|http://www.firstnationalgore.co.nz
26903|Gibson Barron Realty Ltd (Licensed: REAA 2008) - LJ Hooker, Matamata|62 Arawa St, MATAMATA|07 888 5677|None|None
13407|Realty Link Marketing Ltd (Licensed: REAA 2008) - LJ Hooker, Rotorua|1252 Eruera Street, ROTORUA|07 348 5058|07 348 7858|http://www.rotorua.ljhooker.co.nz
15656|Hastings McLeod Ltd (Licensed: REAA 2008) - Property Brokers, Timaru|Cnr Church & Sophia Sts, TIMARU|03 687 7166|None|http://www.propertybrokers.co.nz
121222|Property Management Works Ltd (Licensed: REAA 2008) - Ray White, Property Management, Dunedin|462 Moray Place, DUNEDIN|03 470 1330|None|http://www.propertymanagementworks.co.nz
158042|Mike Pero Real Estate (Licensed: REAA 2008) - Auckland|279 Remuera Road, Remuera, Auckland|0800 500 123|None|http://www.mikepero.com
119927|McHattie Realty Ltd (Licensed: REAA 2008) - LJ Hooker, Masterton|105 Chapel Street, MASTERTON|06 378 8666|None|http://www.ljhooker.com
15628|Hastings McLeod Ltd (Licensed: REAA 2008) - Property Brokers, Ashburton|217 West Street, ASHBURTON|03 307 9176|None|http://www.propertybrokers.co.nz
234975|Century 21 First Choice Realty Ltd (Licensed: REAA 2008) - Wellington|Level 7, 32-34 Kent Terrace, WELLINGTON|04 938 6884|None|http://www.century21.co.nz
1756|Double Winkel Real Estate Ltd (Licensed: REAA 2008) - Professionals, Otaki|207 State Highway One, OTAKI|06 364 7720|None|http://www.doublewinkelrealestate.co.nz 
3521|Double Winkel Real Estate Ltd (Licensed: REAA 2008) - Professionals, Porirua|Unit 3, 1st Floor, 17 Marina View, Paremata|04 237 6655|None|http://www.doublerealestate.co.nz
1703|Double Winkel Real Estate Ltd (Licensed: REAA 2008) - Professionals, Waikanae|Cnr State Highway 1 And, The Mall, WAIKANAE|04 293 5930|None|http://www.winkelrealestate.co.nz
121118|Professionals Christchurch Rentals (Licensed: REAA 2008)|33 Halswell Road, Hoon Hay, Christchurch|03 338 5924|None|http://www.prof.co.nz
4409|hoamz Ltd (Licensed: REAA 2008) - Queenstown|20 Shotover Street, QUEENSTOWN|03 441 8858|03 409 0480|http://www.hoamz.co.nz/queenstown
12729|McDonald Real Estate Ltd (Licensed: REAA 2008) - Stratford|288 Broadway, STRATFORD|06 765 7567|None|http://www.eieio.co.nz
123034|Quay Real Estate Ltd (Licensed: REAA 2008) - LJ Hooker, Gisborne|66 Reads Quay , Gisborne|06 869 0091|None|http://gisborne.ljhooker.co.nz
4743|Maggie Dixon Real Estate Ltd (Licensed: REAA 2008) - Whangarei|136 Bank Street, Regent, WHANGAREI|09 470 0996|09 470 0996|http://www.maggiedixon.co.nz
13733|Farmlands Real Estate (Licensed: REAA 2008) - Timaru|83 Sophia Street , TIMARU|None|None|None
308466|Tandem Property Management - Orewa|None|09 426 3575|None|None
121776|ETB Realty Ltd (Licensed: REAA 2008) - Harcourts, Rotorua|1174 Whakaue  Street, Rotorua|07 348 6136|None|None
333654|ADC Realty Ltd (Licensed: REAA 2008) - Harcourts, Taumarunui|47D Hakiaha Street, Taumarunui|07 896 8700|None|None
9115|Blue Ribbon Realty Ltd (Licensed: REAA 2008) - Harcourts, Te Awamutu|305 Alexandra Street, TE AWAMUTU|07 871 8700|None|http://www.harcourts.co.nz
4893|Gold Real Estate Group Ltd (Licensed: REAA 2008) - Harcourts, Papanui|471 Papanui Road, CHRISTCHURCH|03 352 6166|03 352 6454|http://www.homes4sale.co.nz
5603|Twiss Keir Realty Ltd (Licensed: REAA 2008) - Harcourts, Rangiora|15 Good Street, RANGIORA|03 313 6158|None|http://www.harcourtsrangiora.co.nz
15926|Raglan Real Estate Ltd (Licensed: REAA 2008) - Ray White, Raglan.|21 Bow Street, RAGLAN|07 825 8669|None|http://www.raywhite.com/nz/raglan
179269|A T Realty Ltd (Licensed: REAA 2008) - Ray White, Manukau City|Level 2, Van den Brink House, 652 Great South Road, Manukau|09 262 2250|None|http://www.rwmanukau.co.nz
112321|Beach Realty Ltd (Licensed: REAA 2008) - Ray White, Bayfair|12 Girven Road, BAYFAIR|07 928 5000|None|http://rwbayfair.co.nz
181000|Preet & Co Real Estate Ltd (Licensed: REAA 2008) - Harcourts, Manukau|9 Sharkey Street, Manukau|09 26 36 900|None|http://www.manukau.harcourts.co.nz
299483|Noble Realty Ltd (Licensed: REAA 2008) - Ray White, Papatoetoe| 66 Great South Road , Papatoetoe, Auckland|09 281 5440|0275 376614|http://www.rwpapatoetoe.co.nz
161759|Bronwyn Kay Agency Ltd (Licensed: REAA 2008) - Property Management|Shed 3,, 50 Esplanade, Gisborne|06 867 0087|None|http://www.bronwynkay.com
9077|Blue Ribbon Realty Ltd (Licensed: REAA 2008) - Harcourts, Otorohanga|130 Maniapoto Street, OTOROHANGA|07 873 8700|None|http://www.harcourts.co.nz
344232|Summit Property Management Limited - Motueka|102 High Street, MOTUEKA|03 528 4001|None|http://www.summitrentals.co.nz
274146|Stable - Property Matters Ltd|5 Baroda Street, Khandallah, Wellington|04 212 4562|None|http://stableproperty.co.nz
7861|Warwick Todd Ltd (Licensed: REAA 2008) - Christchurch|45 Bealey Avenue, CHRISTCHURCH|03 379 9910|None|http://www.warwicktodd.co.nz
2466|Acme Realty Ltd (Licensed: REAA 2008) - Ray White, Birkenhead|38 Mokoia Road, Birkenhead, NORTH SHORE CITY|09 481 0066|None|http://www.rwbirkenhead.co.nz
254608|Raven Homes Ltd - Mt Eden|Level 1, 349 Dominion Road, Mt Eden, AUCKLAND|09 638 8776|None|http://www.ravenhomes.co.nz
266352|Stake Property Rentals Ltd|711 Dominion Road , Mt Eden, Auckland|0800 782 530|None|http://www.stakeproperty.co.nz
333846|Mobile Property Management (Licensed: REAA 2008) - RE/MAX Property Limited|6/11 Rangitoto Road, Papatoetoe, Auckland|None|None|http://www.remax.co.nz
11201|Morton & Co Ltd (Licensed: REAA 2008) - Timaru|Cnr Stafford St & Cains Terrace, TIMARU|03 688 6051|None|http://www.mortons.co.nz
5881|Eves Realty Ltd (Licensed: REAA 2008) - Rotorua|Cnr Amohia & Eruera St, ROTORUA|07 348 0819|07 348 3491|http://www.eves.co.nz
9152|Asset Realty Ltd (Licensed: REAA 2008) - LJ Hooker, Whangarei|11 James Street, WHANGAREI|09 438 1332|None|http://www.ljhooker.co.nz
227200|Realty 2000 Ltd (Licensed: REAA 2008) - LJ Hooker, Pukekohe|58 King Street, PUKEKOHE|09 239 1356|None|http://www.pukekohe.ljhooker.co.nz
9466|Manawatu (1994) Ltd (Licensed: REAA 2008) - LJ Hooker, Palmerston North|Cnr Broadway & Victoria Ave, PALMERSTON NORTH|06 358 9009|06 354 5410|http://https://palmerstonnorth.ljhooker.co.nz/
9875|Northland Real Estate Ltd (Licensed: REAA 2008) - Whangarei|1 Kensington Avenue, WHANGAREI|09 459 5601|None|http://www.northlandre.co.nz 
3007|Osborne Realty Ltd (Licensed: REAA 2008) - Waiuku|11 Bowen Street, WAIUKU|09 2357139|None|http://www.osbornerealty.co.nz
160217|NRG Realty Ltd (Licensed: REAA 2008) - Professionals, Mt Maunganui|438 Maunganui Road, MT MAUNGANUI|07 575 9428|None|http://www.nrgrealty.co.nz
320072|Morris and Co Real Estate Limited (Licensed: REAA 2008) - Ray White, Rangiora|Level 1, Conway Building, 186 High Street, Rangiora|03 310 6010|None|http://www.rwrangiora.co.nz
8330|Vista Realty Ltd (Licensed: REAA 2008) Ray White, Auckland|322 Main Road, Huapai, AUCKLAND|09 412 5808|None|http://www.rwkumeu.co.nz
5774|Pastoral Realty Ltd (Licensed: REAA 2008) - Te Awamutu|138 Arawata Street, TE AWAMUTU|07 870 2112|None|http://www.pastoralrealty.co.nz/
219817|City South Investments Ltd (Licensed: REAA 2008) - Ray White, Takanini|4/30 Walters Road, Takanini, Auckland|09 299 1999|None|http://www.rwtakanini.co.nz
2942|Lochore's Real Estate Ltd (Licensed: REAA 2008) - Rentals|None|09 481 0641|None|None
12844|McDonald Real Estate Ltd (Licensed: REAA 2008) - Inglewood|58 Rata Street, INGLEWOOD|06 756 8889|None|http://www.eieio.co.nz
119690|Synergy Realty Group Ltd (Licensed: REAA 2008) - RE/MAX SYNRG|Cnr Helwick & Dunmore Streets, WANAKA|03 443 0150|03 443 9167|http://www.remax-synrg.co.nz
343071|Tandem Realty West Ltd (Licensed: REAA 2008) - Harcourts, Helensville|37 Commercial Road, Helensville|09 420 7663|None|http://www.helensville.harcourts.co.nz/
302462|Shelley Naylor Realty Limited (Licensed REAA: 2008)|Level 8, 1-19 Fitzherbert Avenue (TSB Tower), Palmerston North|0800 110 250|None|http://www.shelleynaylor.co.nz
11230|Bogue Real Estate 2014 Ltd (Licensed: REAA 2008) - Ray White, Warkworth|14 Queen Street, WARKWORTH|09 425 7959|None|http://www.rwwarkworth.co.nz
209203|Steinmetz Real Estate Ltd (Licensed: REAA 2008) - Ray White, Paraparaumu|14a Marine Parade, Paraparaumu Beach|04 298 4900|None|http://www.rwparaparaumu.co.nz
26171|Essential Realty Ltd (Licensed: REAA 2008) - Ray White, Oamaru|99 Thames Street , OAMARU |03 434 8855|None|http://rwoamaru.co.nz
29241|Harcourts Just Rentals|2 Okara Drive, WHANGAREI|09 438 2054|None|http://http://whangareipropertymanagement.harcourts.co.nz/
9802|Rotorua Investments Ltd MREINZ - Rotorua Rentals|1215 Amohia Street, ROTORUA|07 349 3429|None|http://www.rotoruarentals.co.nz
212444|North Otago Real Estate Ltd (Licensed: REAA 2008) - LJ Hooker Rentals, Oamaru|195 Thames Street, OAMARU|03 434 2595|None|None
6004|North Island Realty Ltd (Licensed: REAA 2008) - Harveys, Paraparaumu|17 Maclean Street, PARAPARAUMU BEACH|04 904 4444|None|http://www.harveys.co.nz
179351|Christchurch Real Estate (Licensed: REAA 2008) - First National, Christchurch|96 Blighs Road, Strowan, Christchurch|03 423 1908|None|http://chchrealestate.co.nz
254394|Lambton Property Management|22 Haining Street, Te Aro, Wellington|04 805 0599|None|http://www.lpmproperty.co.nz
10091|Property Brokers Ltd (Licensed: REAA 2008) - Dannevirke|45 High Street, DANNEVIRKE|06 374 8102|06 374 9102|http://www.propertybrokers.co.nz
26710|Sunny Nelson Realty Ltd (Licensed: REAA 2008) - Professionals, Nelson|Unit 18, 530 Main Road, Stoke, NELSON|03 547 4300|None|http://www.sunnynelsonproperty.co.nz
392219|Rent Right Property Management Ltd|6/294 Montreal Street, Christchurch|03 377 4939|None|http://www.rentright.co.nz
192610|Davies Property Management|905 Victoria Street, HAMILTON|07 838 0980|None|http://www.daviesrentals.co.nz
372926|Harbinsons Real Estate Ltd (Licensed: REAA 2008)|12 Polygon Road, Saint Heliers, Auckland|021 228 9901|None|http://www.harbinson.co.nz
122430|James Law Realty Ltd (Licensed: REAA 2008) - Auckland|Building A, Level 1, 382 Manukau Road, Epsom, Auckland|09 973 4965|None|http://www.jameslaw.co.nz
192437|Echo Realty Ltd (Licensed: REAA 2008)|3 Sussex Street, RIVERHEAD|09 412 7010|None|None
398832|Pam Jones Property Management|111 Fairy Springs Road, ROTORUA|07 3477688|None|http://www.pamjonesproperymanagement.co.nz
12455|Enting Real Estate Ltd (Licensed: REAA 2008) - LJ Hooker, Timaru|44 Bank Street, TIMARU|03 688 3029|03 683 1359|http://https://timaru.ljhooker.co.nz/
335337|Realty Link Marketing Ltd (Licensed: REAA 2008) - LJ Hooker, Papamoa|Shop 8 Fashion Island, 42 Gravatt Road, Papamoa|07 929 6010|None|http://papamoa.ljhooker.co.nz
357492|Realty Executives Ltd (Licensed: REAA 2008) - LJ Hooker, Takanini|PO BOX 97422, Manukau|09 320 5131|None|None
112052|Ponsonby Estate Agents Ltd (Licensed: REAA 2008) - LJ Hooker, Ponsonby|190 Ponsonby Road, Ponsonby, AUCKLAND|09 376 7530|None|http://www.ljhooker.co.nz/ponsonby
237347|O'Donnell Realty Ltd (Licensed: REAA 2008) - LJ Hooker, Mt Maunganui|237 Maunganui Road, Mt Maunganui|07 575 5129|None|http://mtmaunganui.ljhooker.co.nz
12258|Central Waikato Realty Ltd (Licensed: REAA 2008) - LJ Hooker, Morrinsville|179A Thames Street, MORRINSVILLE|07 889 8015|None|http://www.ljhooker.co.nz
7135|Kaimai Real Estate Ltd (Licensed: REAA 2008) - First National, Bethlehem|243 State Highway 2, Bethlehem, TAURANGA|07 576 9868|07 579 3038|http://www.bethlehemrealty.co.nz
9742|Property Brokers Ltd (Licensed: REAA 2008) - Hastings|306 St Aubyns Street West, HASTINGS|06 878 3878|None|http://www.propertybrokers.co.nz
238779|RER Property Management Ltd - Harcourts, Flat Bush|None|09 296 9000|None|http://www.rer.co.nz
28435|Central Realty Ltd (Licensed: REAA 2008) - Papakura|None|09 969 2020|None|None
26162|Team Glendene Ltd (Licensed: REAA 2008) - First National, Glendene|2/1 Thornlow St, Glendene, Waitakere|09 837 1707|None|http://www.teamglendene.co.nz
23301|Red Chili Real Estate Ltd (Licensed: REAA 2008) - Ray White, Lincoln|Unit 2/19 Gerald St, Lincoln, CHRISTCHURCH|03 325 7299|03 325 7298|http://www.rwlincoln.co.nz
279310|Resolve Management Ltd|Level 2, 148 - 152 Cuba Street, Wellington|021 488 907|None|http://www.resolve.org.nz
6432|Min Sarginson Real Estate Ltd (Licensed: REAA 2008) - Lyttelton|53 London Street, LYTTELTON|03 328 7273|None|http://www.min.co.nz
410928|Advanced Property Management Ltd|16 Malbec Place, Huapai|09 213 4144|None|http://www.advancedproperty.co.nz
231786|City Central Property Management Ltd - Palmerston North|96-98 princess street, PALMERSTON NORTH|06 355 5479|None|http://www.citycentralpm.co.nz
261078|Agnes White & Associates MREINZ, Agnes White (Licensed: REAA 2008)|None|021 368 757|None|http://www.agneswhite.co.nz
218196|Gold Real Estate Ltd (Licensed: REAA 2008) Century 21, Manurewa|25 Station Road, Manurewa, MANUKAU|09 267 8980|None|http://www.century21.co.nz/manurewa
8986|Realty Link Marketing Ltd (Licensed: REAA 2008) - LJ Hooker, Tauranga|Cnr Cameron Road & 8th Avenue, TAURANGA|07 578 3129|None|http://tauranga.ljhooker.co.nz
8646|Good As Sold Ltd (Licensed: REAA 2008) - Rotorua First National|1280 Pukuatua Street, ROTORUA|07 349 8080|None|http://www.rotoruaproperty.co.nz
1951|Property Link Groups Ltd (Licensed: REAA 2008) - Professionals, Pukekohe|187 King Street, PUKEKOHE|09 237 0090|None|http://www.propertylink.co.nz
9444|Property Brokers (Pahiatua) Ltd (Licensed: REAA 2008) - Pahiatua|129 Main Street, PAHIATUA|06 376 8486|None|http://www.propertybrokers.co.nz/
344233|Summit Property Management Limited - Richmond|203 Queen Street, RICHMOND|03 544 2900|None|http://www.summitrentals.co.nz
6898|BCRE LTD (Licensed: REAA 2008) - Harcourts, Pukekohe|24 Seddon Street , PUKEKOHE|09 238 4244|09 238 4243|http://www.harcourts.co.nz
12287|Phillip Kenny Real Estate Ltd (Licensed: REAA 2008) - Harcourts, Ashburton|112-114 Tancred Street, Harcourts House, ASHBURTON|03 308 6497|None|http://www.ashburton.harcourts.co.nz
279363|NRG Realty Ltd (Licensed: REAA 2008) - Professionals, Waihi|23A Rosemont Road, WAIHI|07 863 8864|None|http://www.nrgrealty.co.nz
11710|Hastings McLeod Ltd (Licensed: REAA 2008) - Property Brokers, Rangiora|222 High Street, RANGIORA|0800 625 363|None|http://www.propertybrokers.co.nz
311276|Glasshouse Property Management|12b Somerset Street, Frankton, Hamilton|027 540 4440|None|http://www.glasshousenz.com
14196|Best In The Bays Ltd (Licensed: REAA 2008) - Ray White, Kohimarama|237 Tamaki Drive, Kohimarama, AUCKLAND|09 528 6169|None|http://www.rwkohimarama.co.nz
314736|Wallace and Stratton Real Estate Group (Licensed: REAA 2008)|3A Garadice Road, Rothesay Bay, Auckland|021 937 885|None|http://wallacestratton.co.nz
380948|Preet & Co Real Estate Ltd (Licensed: REAA 2008) - Harcourts, Ellerslie|None|09 5791073|None|http://www.ellerslie.harcourts.co.nz
1497|Lincoln Darling Real Estate Ltd (Licensed: REAA 2008) - Dunedin|21 North Road, DUNEDIN|03 473 1721|None|http://www.darlingrealty.co.nz
6594|Rutherford Real Estate (Licensed: REAA 2008) - First National, Howick|92 Picton Street, Howick, AUCKLAND|09 538 0105|09 538 0108|http://www.fnhowick.co.nz 
220712|Highland Real Estate Group Ltd (Licensed: REAA 2008) - Harcourts, Wanaka|17 Helwick Street, Wanaka|03 443 7829|03 443 1533|http://http://www.harcourtswanaka.co.nz/
257841|Platinum Realty Ltd (Licensed: REAA 2008) - Ray White, Millwater|Unit 3 / 16 Wainui Road, Silverdale, AUCKLAND|09 424 9172|None|http://rwmillwater.co.nz
197811|Hoverd & Co Ltd (Licensed: REAA 2008) - Harcourts, Flat Bush|Unit 3  , 2 Bishop Dunn Place, Botany|09 271 5544|None|None
275605|Masterton Property Management Ltd|186 Chapel Street, Kuripuni, Masterton|06 377 4961|06 3774961|http://www.mastertonrentals.co.nz
112423|Tree Town Real Estate Ltd (Licensed: REAA 2008) - LJ Hooker, Cambridge|55 Victoria Street, CAMBRIDGE|07 827 7188|None|http://www.ljhooker.co.nz
1449|George Boyes & Co Ltd (Licensed: REAA 2008) - LJ Hooker, Raglan|37 Bow Street, RAGLAN|07 825 7170|None|http://www.raglan.ljhooker.co.nz
12595|Total Transaction Realty Ltd (Licensed: REAA 2008) - LJ Hooker, Henderson|403 Great North Road, HENDERSON|09 836 3119|09 836 4614|http://www.henderson.ljhooker.co.nz
25049|Lemontree Realty Ltd (Licensed: REAA 2008) - LJ Hooker, Waihi Beach|27 Wilson Road, WAIHI BEACH|07 863 5801|None|http://www.waihibeach.ljhooker.co.nz
9867|Superior Realty Ltd (Licensed: REAA 2008) - LJ Hooker, Howick|49 Picton Street, HOWICK|09 537 0124|None|http://www.ljhooker.co.nz
5277|Picton Property Centre Ltd (Licensed: REAA 2008) - Harcourts, Picton|36 High Street, PICTON|03 573 6699|None|http://www.harcourtspicton.co.nz
417093|NZ Real Estate West Coast Ltd (Licensed: REAA 2008) - Harcourts, West Coast|65 Mackay street, GREYMOUTH|03 768 9839|None|http://www.harcourts.co.nz
290986|Tandem Property Management - Whangaparaoa|923 Whangaparaoa Road, WHANGAPARAOA|09 424 2615|None|http://www.home2rent.co.nz
11223|Kevin Deane Real Estate (Cambridge) Ltd (Licensed: REAA 2008) - Harcourts, Cambridge|57 Duke Street, CAMBRIDGE|07 827 8815|None|http://www.kdre.co.nz 
218028|The Property Place Ltd (Licensed: REAA 2008)|49 Egmont Street, New Plymouth|None|None|None
6812|BCRE LTD (Licensed: REAA 2008) - Harcourts, Manurewa|16 Station Road, MANUREWA|09 267 8900|09 267 8908|http://www.harcourtsmanurewa.co.nz
12954|Tawa Realty Ltd (Licensed: REAA 2008) - Harcourts|215 Main Road, TAWA|04 232 4178|04 232 7010|http://www.tawa.harcourts.co.nz
183641|Real Estate with Pauline Dinsdale, Kevin Ross Trass (Licensed Agent REAA 2008)|569 Kamo Road, Kamo, Whangarei|09 435 6575|None|http://www.paulinedinsdale.co.nz
320316|Southern Corridor Realty Ltd (Licensed: REAA 2008) - Ray White, Pukekohe|4 Hall Street, Pukekohe, Auckland |09 238 4100|None|http://www.rwpukekohe.co.nz
7045|Marlborough Real Estate 2008 Ltd (Licensed: REAA 2008) - Harcourts, Blenheim|1 Scott Street, BLENHEIM|03 578 0888|03 577 8871|http://www.marlborough.harcourts.co.nz
10807|Goode Leith Realty Ltd (Licensed: REAA 2008) Ray White, Allens Whangarei|Dairy House, Cnr Porowini Ave & Tarewa Rd, WHANGAREI|09 430 3300|None|http://www.rwwhangarei.co.nz
208055|Mills Gibbon and Co Ltd (Licensed: REAA 2008) - First National, Stratford|201 Broadway, STRATFORD|06 765 8550|06 765 8733|http://www.mgfn.co.nz
121191|Infinity First National Wanaka (Licensed: REAA 2008)|Infinity Building, 78 Ardmore Street, WANAKA|03 443 0097|None|http://www.firstnationalwanaka.com
1728|Double Winkel Real Estate Ltd (Licensed: REAA 2008) - Professionals, Levin|Cnr Oxford & Queen St, LEVIN|06 367 9333|None|http://www.doublewinkelrealestate.co.nz 
24378|Waitemata Harbour Realty Ltd (Licensed: REAA 2008 - Ray White, Northcote|111 Onewa Road, Northcote|09 480 1987|09 215 9945|http://www.rwnorthcote.co.nz
120622|Regent Realty Ltd (Licensed: REAA 2008) - Harcourts, Napier|308 Hastings St, NAPIER|06 835 5211|None|http://www.hawkesbay.harcourts.co.nz
5610|Waiheke First National Ltd (Licensed: REAA 2008) - Waiheke Island|112 Ocean View Road, Oneroa, WAIHEKE ISLAND|09 372 6261|None|http://www.firstnational.co.nz
190996|Farmlands Real Estate (Licensed: REAA 2008) - Waimate|76 Queen Street, Waimate|03 689 2620|None|http://www.farmlandsrealestate.co.nz
248338|Realty Link Marketing Ltd (Licensed: REAA 2008) - LJ Hooker, Taupo|95 Heuheu Street, Taupo|07 378 3357|None|http://taupo.ljhooker.co.nz
7062|David Berryman Ltd (Licensed: REAA 2008) - Nationwide Berryman Real Estate, New Lynn|3049 Great North Road, New Lynn, AUCKLAND|09 827 1187|None|http://www.berryman.co.nz
370384|Kaimai Real Estate Ltd (Licensed: REAA 2008) - First National, Te Puke|159b Jellicoe St, Te Puke|573 0222|None|http://www.tepukerealty.co.nz
15847|Amber Real Estate Ltd (Licensed: REAA 2008) - Ray White, Motueka|219 High Street, MOTUEKA|03 528 8820|03 528 8086|http://www.rwmotueka.co.nz
252578|Preet & Co Real Estate Ltd (Licensed: REAA 2008) - Harcourts, Botany Rentals|Botony Town Centre, 388, Chapel Road, Botany|None|None|None
321721|Century 21 Darrak Realty Ltd (Licensed: REAA 2008) - Albany|231 Dairy Flat Highway, Albany, Auckland|09 415 0021|None|http://www.century21.albany.co.nz
417696|First Choice Property Management Ltd|5021 Kaipara Coast Highway , Wellsford |None|None|None
26175|Simply The Best Property Management Ltd (Licensed: REAA 2008)|None|09 421 0525|None|None
179895|Kemeys Brothers Limited (Licensed: REAA 2008) - Ray White, Lower Hutt|119 Queens Drive, Lower Hutt|04 586 2612|None|None
10081|Rosevear Wing & Associates Ltd (Licensed: REAA 2008) Christchurch|281 Greers Road, CHRISTCHURCH|03 359 4282|None|http://www.rosevearwing.co.nz
17873|Kallil Real Estate Ltd (Licensed: REAA 2008) - LJ Hooker, Papakura|19 Broadway, PAPAKURA|09 296 5000|None|http://www.ljhooker.co.nz/papakura
26820|Real Estate House (Manawatu) Ltd (Licensed: REAA 2008) - Ray White, Feilding|54 Stafford Street, FEILDING|06 323 8739|None|None
404383|Preet & Co Real Estate Ltd (Licensed: REAA 2008) - Harcourts, Pakuranga|Cnr Pakuranga Road & Johns Lane, PAKURANGA, AUCKLAND|09 576 2639|None|http://www.pakuranga.harcourts.co.nz
211035|Harper Properties - James Thomas|55 Anzac Ave, AUCKLAND|09 304 2386|None|http://www.jamesthomas.co.nz
8463|Lugton's Ltd (Licensed: REAA 2008) - City|1010 Victoria Street, HAMILTON|07 838 3800|None|http://www.lugtons.co.nz
4813|Hobsonville Realty Ltd (Licensed: REAA 2008) - Harcourts, Westgate|Maki Street , Westgate Shopping Centre, Westgate, Massey, AUCKLAND|09 833 5588|None|http://www.westgate.harcourts.co.nz
5140|Dargaville Realty Ltd (Licensed: REAA 2008) - First National, Dargaville|110 Victoria Street , DARGAVILLE|09 439 7295|None|http://www.roperandjones.co.nz
7503|Moving Realty Ltd (Licensed: REAA 2008) - First National, Whangarei|180 Bank Street , WHANGAREI|09 438 8667|09 459 7139|http://www.realestatenorthland.co.nz
12796|McDonald Real Estate Ltd (Licensed: REAA 2008) - Eltham|60 Bridge Street, ELTHAM|06 7648835|None|http://www.eieio.co.nz
12992|Active Real Estate Ltd (Licensed: REAA 2008) - Harcourts, Johnsonville|149 Johnsonville Road, Johnsonville, WELLINGTON|04 477 4444|None|None
369515|Tandem Realty North Ltd (Licensed: REAA 2008) - Harcourts, Warkworth|21 Queen Street, WARKWORTH|09 425 7889|09 425 8008|http://www.warkworth.harcourts.co.nz
28402|By The Lake Realty (Licensed: REAA 2008) - Century 21, Palmerston North|10 The Square, PALMERSTON NORTH|06 355 5521|None|http://www.century21.co.nz/palmerstonnorth/
350296|Northern Properties Ltd (Licensed: REAA 2008) - RE/MAX Realty Group|Unit 1 4 Baxter Street, Warkworth|09 425 0261|None|http://www.remax.co.nz
32|Newman Real Estate Ltd (Licensed: REAA 2008) - Ray White, Arrowtown|14 Buckingham Street, ARROWTOWN|03 442 1616|03 442 1275|http://www.rwarrowtown.co.nz
8946|Richardsons Real Estate Ltd (Licensed: REAA 2008) - Whitianga|81 Albert Street, WHITIANGA|07 866 2373|None|http://www.richardsons.co.nz
11002|A J Ramsay Real Estate Ltd (Licensed: REAA 2008) - LJ Hooker, Waimate|83 Queen Street, WAIMATE|03 689 7974|None|http://ljhooker.co.nz/waimate 
5480|Twiss Keir Realty Ltd (Licensed: REAA 2008) - Harcourts, Hanmer Springs|Shop 3, 12A Conical Hill Road, HANMER SPRINGS|03 315 7084|None|http://www.harcourtshanmer.co.nz
26704|Eastern Bay Real Estate Ltd (Licensed: REAA 2008) - Harcourts, Opotiki|82 Bridge Street, OPOTIKI|07 315 5245|None|None
12790|Goldbrook Realty Ltd (licensed: REAA 2008) - LJ Hooker, Papatoetoe|171 Great South Road, PAPATOETOE|09 277 7717|None|http://rentals.papatoetoe@ljh.co.nz
6381|Prestige Realty (Hibiscus Coast) Ltd (Licensed: REAA 2008)|176 Centreway Road, OREWA|09 426 2420|None|http://www.prestigerealtyhbc.co.nz
4892|Duncan Realty 2015 Limited (Licensed: REAA 2008) - Rotorua|Unit 3, 1227 Ranolf Street, ROTORUA|07 348 6770|None|http://www.duncanrealty.net
9979|Property Brokers Ltd (Licensed: REAA 2008) - Waipukurau|63 Ruataniwha Street, WAIPUKURAU|06 858 7280|None|http://www.propertybrokers.co.nz
175893|East Coast Realty Ltd (Licensed: REAA 2008) - Harcourts, Gisborne|33 Peel Street, Peel Street, Gisborne|06 863 0023|None|None
423|Alrose Ltd (Licensed: REAA 2008) - RE/MAX Go For Sold, Palmerston North|165 Broadway Avenue, PALMERSTON NORTH|06 355 4324|06 355 6385|http://http://remax.co.nz/office/remax-go-for-sold-palmerston-north
14639|Buy West Realty Ltd (Licensed: REAA 2008) - Ray White, Te Atatu|1 Rhone Ave , Te Atatu Peninsula, Auckland|09 834 6789|09 834 2850|http://www.buywest.co.nz
2579|Far North Coastal Ltd (Licensed: REAA 2008) - Professionals, Coopers Beach|170 State Highway 10, Coopers Beach|09 406 1005|None|http://www.farnorthcoastal.co.nz
327160|Renaissance Property Consulting Ltd (Licensed: REAA 2008), Real Listing|Level 2, 2 Owens Road, Epsom, Auckland|09 975 0881|None|http://www.reallisting.co.nz
15164|William Todd & Co Ltd (Licensed. REAA 2008) - Invercargill|46 Don Street, INVERCARGILL|03 218 7124|None|http://www.toddco.nz
413062|Renting Auckland Ltd|76 Taylors Road, Mt Albert, Auckland|027 431 8843|09 846 8699|http://www.rentingauckland.co.nz
19738|Crest Realty Ltd (Licensed: REAA 2008) - Ray White, Papanui|Shop 100, 55 Main North Road, Northlands Mall, CHRISTCHURCH|03 352 0567|None|http://www.rwpapanui.co.nz
27096|Queen Street Realty, Si Xin Dai (Licensed: REAA 2008) - Auckland Central|Unit B, 508 Queen Street, Auckland City|09 309 3698|None|None
3296|Topp Realtors Ltd (Licensed: REAA 2008) - Harveys, Bishopdale|Shop B, 135 Farrington Ave, Bishopdale, CHRISTCHURCH|03 359 5595|None|http://www.topprealtors.co.nz
9988|Key Real Estate Ltd (Licensed: REAA 2008) - Harcourts, St Heliers|413 Tamaki Drive, ST HELIERS|09 575 3000|None|http://www.stheliers.harcourts.co.nz
21009|Holmwood Real Estate Ltd (Licensed: REAA 2008) - Harcourts, Merivale|175 Papanui Rd, MERIVALE|03 355 6677|None|http://www.harcourts.co.nz
246876|A T Realty Ltd (Licensed: REAA 2008) - Ray White, Mangere Bridge|20B Coronation Road, Mangere Bridge|09 636 7355|None|http://www.rwmangerebridge.co.nz
10415|Philcox & Steevens Ltd (Licensed: REAA 2008) - First National - Waihi Beach|31 Wilson Road, WAIHI BEACH|07 863 5154|None|http://www.waihibeachfirstnational.co.nz
6561|Glass Miles Ltd (Licensed: REAA 2008) - Christchurch|115 Blenheim Road, CHRISTCHURCH|None|None|None
12052|City & Country Real Estate, Allerby Real Estate Ltd (Licensed: REAA 2008) - Kumeu|Unit 5 Main Road, KUMEU|09 412 9007|None|None
341407|Real Star Realty (Licensed:REAA 2008)|Shop W3, 12 Westgate Drive, Westgate, Auckland|09 417 0092|None|http://www.realstar.co.nz
10492|Boberg & Sweetman Ltd (Licensed: REAA 2008) - Epsom|505 Manukau Road, Epsom, AUCKLAND|09 630 0610|None|None
26415|Zest for Realty Ltd (Licensed: REAA 2008) - RE/MAX|Shop 3 , 15 Cook Street, Howick|09 535 1088|None|http://www.remax.nz
11851|Realty 2000 Ltd (Licensed: REAA 2008) - LJ Hooker, Manurewa|157 Great South Road, MANUREWA|09 268 0454|None|http://www.ljhooker.co.nz
53961|Valley Realty Ltd (Licensed: REAA 2008) - Harcourts, Paeroa|121 Normanby Road, PAEROA|07 862 6292|None|http://www.harcourts.co.nz
292778|Property Brokers Ltd (Licensed: REAA 2008) - Wairoa|132 Marine Parade, WAIROA|06 838 3560|None|http://www.propertybrokers.co.nz
15522|Blue Water Real Estate Ltd (Licensed: REAA 2008) - Ray White, Whangamata|503 Port Road, WHANGAMATA|07 865 8424|None|http://www.raywhite.co.nz
6363|Pacific Coast Realty Ltd (Licensed: REAA 2008) - First National, Whangamata|501A Port Road, WHANGAMATA|0800 868 439|07 865 7960|http://www.corofirstnat.co.nz
376806|Aruba Management Victopia|GL/135 Victoria Street West, Auckland|027 437 2337|None|None
233983|Habitat Real Estate Ltd, John Raymond Thomson (Licensed: REAA 2008)|Unit 2, 59 Girven Road, Mount Maunganui|07 574 3885|None|http://myhabitat.co.nz
218644|Freedom Realty Ltd (Licensed: REAA 2008)|202b Main South Road , Green Island, Dunedin|03 481 1977|None|http://www.freedomrealty.nz
10181|Property Brokers Ltd (Licensed: REAA 2008) - Feilding|120 Fergusson Street, FEILDING|06 323 5544|None|http://www.propertybrokers.co.nz
9042|Prestige Real Estate International Ltd (Licensed: REAA 2008) - Milford|9 Milford Road, Milford, AUCKLAND|09 489 2699|None|http://www.prestigerealty.co.nz
10280|Property Brokers Ltd (Licensed: REAA 2008) - Carterton|19 High Street North, CARTERTON|06 379 6660|None|http://www.propertybrokers.co.nz
219865|Papakura Real Estate Ltd (Licensed: REAA 2008) - Century 21, Platinum|35 O'Shannessey Street, Papakura, AUCKLAND|09 298 4209|None|http://www.century21.co.nz/papakura
105|Land Agents (2007) Ltd (Licensed: REAA 2008) - Action Real Estate, Tauranga|115 Cameron Road, TAURANGA|07 578 0699|07 578 0644|None
13221|Unlimited Potential Ltd (Licensed: REAA 2008) - Mt Eden|435 Mt Eden Road, MT EDEN|09 631 5538|None|http://www.uprealty.co.nz
10660|Fendalton Realty Ltd (Licensed: REAA 2008) - Christchurch|1/28 Tonbridge Sreet, Merivale, CHRISTCHURCH|03 351 3399|None|None
15213|Gisborne Property Shop Ltd (Licensed: REAA 2008) - Ray White, Gisborne|468 Gladstone Road, GISBORNE|06 867 0060|None|http://www.rwgisborne.co.nz
1250|Vining Realty Group Ltd (Licensed: REAA 2008) - Bayleys, Motueka|175 High Street, MOTUEKA|03 528 5242|None|http://www.bayleys.co.nz/motueka
392747|Clarke Group Management Limited|Unit 219, Ronwood Avenue, Manukau|09 263 7005|None|http://www.studiohomes.nz
15231|Premium Real Estate Ltd (Licensed: REAA 2008) - Takapuna|111 Hurstmere Road, TAKAPUNA|09 916 6000|None|http://www.premium.co.nz
111917|Fifeshire Realty Ltd (Licensed: REAA 2008) - Re/max Elite, Nelson|7 Haven Road, NELSON|03 548 7705|03 545 7000|http://www.remax.co.nz
359357|I Find Property, IFPNZ Ltd (Licensed: REAA 2008)|None|None|None|None
123396|Quinovic Parnell|1/77 The Strand, Parnell, Auckland|09 373 4353|None|http://www.quinovic-parnell.co.nz
307592|VIP Realty Ltd (Licensed REAA 2008) - Re/Max, Rangiora|3 Alfred Street, Rangiora |03 311 8222|None|http://www.remax.co.nz
253589|North Harbour Realty Ltd (Licensed: REAA 2008) - Ray White, Russell|25 The Strand, RUSSELL|09 403 7769|None|http://www.rwrussell.co.nz
26759|100% Coro Ltd (Licensed: REAA 2008) - Harcourts, Coromandel|105 Kapanga Road, COROMANDEL|07 866 8260|None|http://www.coromandelproperty.co.nz
26080|Harbour Real Estate Ltd (Licensed: REAA 2008) - Diamond Harbour|2J Waipapa Ave, DIAMOND HARBOUR|03 329 4855|None|None
4249|Living Corporation Ltd (Licensed: REAA 2008) - Mosgiel, Dunedin|125 Gordon Road, MOSGIEL|03 489 4455|None|http://www.livingcorporation.com
315900|NZ Residential & Commercial Realty Ltd (Licensed: REAA 2008)|11 Chatswood Grove, Chatswood, North Shore, AUCKLAND|09 418 18 18|None|None
243172|Max Property Management Ltd|34 Takahe Drive, Cashmere, CHRISTCHURCH|03 337 3132|None|http://www.maxproperty.co.nz
382178|Executive Property Management|25 Blake Street, Ponsonby|None|None|None
122342|Landmark Real Estate Ltd (Licensed: REAA 2008) - Christchurch|171 Guthries Road, Belfast, CHRISTCHURCH|03 323 7051|None|None
273872|Apartment Network, Ross Vernall (Licensed: REAA 2008) Newmarket|83 Remuera Road, Newmarket, Auckland|021 998 876|None|None
206857|Macraeclan Investments Ltd - Bishopdale|61 Highsted Road, Bishopdale, CHRISTCHURCH|021 025 011 55|None|None
8871|Richardsons Real Estate Ltd (Licensed: REAA 2008) - Coromandel|191 Kapanga Road, COROMANDEL|07 866 8900|None|http://www.richardsons.co.nz
